,ra,dec,u_extendedness,u_mag,g_extendedness,g_mag,r_extendedness,r_mag,i_extendedness,i_mag,z_extendedness,z_mag
0,4.0002972826498056,0.08951549634607914,,,1.0,23.02659916574502,1.0,22.94588748239748,,,1.0,22.06863241039916
1,4.0003758382182,0.08952714450922626,,,1.0,23.752855688906887,1.0,23.238336934434827,,,1.0,22.877687501958643
2,4.000769553482943,0.08965161063945919,,,1.0,22.728347302789565,1.0,21.093357417045574,,,1.0,19.69741476510508
3,4.000574248912411,0.08968916225715078,,,1.0,24.332031274877792,1.0,24.095893705704544,,,1.0,22.952574971901267
4,4.000567608304154,0.08973956278117297,,,1.0,23.84449429331362,1.0,23.094729296330595,,,1.0,21.97772663130973
5,4.000449574305541,0.08974240912489173,,,1.0,24.17140745394836,1.0,23.55609922610277,,,1.0,23.99736993271587
6,4.000703361038427,0.08980869321115405,,,1.0,21.126765278377704,1.0,20.529828245683234,,,1.0,19.72040205443471
7,4.00086238635488,0.08978094273317203,,,1.0,22.848328536581914,1.0,22.394707690798104,,,1.0,22.0711821922049
8,4.0003721828806835,0.08978248369883446,,,1.0,22.810061545608818,1.0,22.809248988300208,,,1.0,22.54191294761755
9,4.0005466690256535,0.08978451354810192,,,1.0,23.940843043515308,1.0,23.410259432331195,,,1.0,22.362087349006067
10,4.000260694276992,0.08979212045495448,,,1.0,23.910371464460813,1.0,23.264681191340678,,,1.0,22.8345180361362
11,4.0008404883404225,0.08983769624770017,,,1.0,23.75577079337077,1.0,23.025203197051063,,,1.0,22.441262844936702
12,4.000415366233345,0.08986922973450265,,,1.0,22.942139591528615,1.0,22.129966016106216,,,1.0,21.24013959054838
13,4.000551477700386,0.08987744143977738,,,1.0,25.494092963301576,1.0,23.274564362231533,,,1.0,23.80637187729875
14,4.000501581665784,0.08988701108302732,,,1.0,23.60731321320518,1.0,23.554420673160447,,,1.0,23.791024734831694
15,4.000214242358247,0.08990151566586192,,,1.0,24.30452418981836,1.0,23.516534472708003,,,1.0,21.651599876672343
16,4.000438247351247,0.08990110732890284,,,1.0,22.059588736488365,1.0,20.57426920656836,,,1.0,19.559211938707627
17,4.000653245270038,0.08993115915468808,,,1.0,23.859149470957767,1.0,23.41741350897612,,,1.0,23.586070048594962
18,4.000920834369074,0.0899302081942371,,,1.0,22.685792220559943,1.0,22.575537889339756,,,1.0,22.192227802326446
19,4.0005126536681885,0.08995058174082438,,,1.0,23.768168172183355,1.0,23.723447663117817,,,1.0,22.470071287298417
20,4.000470914202481,0.08997970280314639,,,1.0,22.237060093649724,1.0,21.869443342207063,,,1.0,21.14872527426106
21,4.000629279478423,0.08998021997062285,,,1.0,23.488629968047693,1.0,21.961235817365917,,,1.0,20.643319407999208
22,4.000650700327467,0.09000576177135618,,,1.0,23.5178610592223,1.0,23.371287119259453,,,1.0,22.049865185717156
23,4.000606554756637,0.09002729077246188,,,1.0,23.97775876668787,1.0,23.527049134220377,,,1.0,22.60872334970773
24,4.000753877082074,0.09005214343992367,,,1.0,23.107751453249552,1.0,22.249941780358846,,,1.0,21.373575989780562
25,4.0007280720677,0.09010420254231362,,,1.0,23.16224294259105,1.0,22.826000284546716,,,1.0,21.990415381538526
26,4.000907590517272,0.09016364814914939,,,1.0,23.706629875982212,1.0,22.943650552341364,,,1.0,22.834333759893354
27,4.000679221779479,0.0901803535592644,,,1.0,23.25669072066132,1.0,23.05400669957139,,,1.0,22.289540264576992
28,4.000790530755159,0.09021205513359802,,,1.0,23.89086975593067,1.0,23.8773328208646,,,1.0,22.765885651336042
29,4.000325128841737,0.09022972218323883,,,1.0,22.411125535354937,1.0,22.077328122193688,,,1.0,21.745817513915217
30,4.000684352494947,0.09023808447895353,,,1.0,25.026376266794298,1.0,22.623049423128123,,,1.0,21.04166232785595
31,4.000657407011775,0.09026926230895013,,,1.0,25.332437720199444,1.0,23.318376022120223,,,1.0,21.365867687014905
32,4.000236503907576,0.090268306954866,,,1.0,23.722908100124656,1.0,23.316139927028242,,,1.0,22.966533891300923
33,4.00027781195431,0.09030080444793037,,,1.0,22.325963249594928,1.0,21.580302757576813,,,1.0,21.03867302998013
34,4.000835151031311,0.09029128807705554,,,1.0,21.856958254043285,1.0,21.538672689949216,,,1.0,21.047392547069904
35,4.0007203912735925,0.0902962102323159,,,1.0,22.11721164351554,1.0,21.481891661832986,,,1.0,20.782519171334588
36,4.000479849715399,0.09029906044058561,,,1.0,23.490435204128882,1.0,23.585111189925286,,,1.0,23.162613571291857
37,4.00028988272946,0.09033948962267968,,,1.0,23.164983641411233,1.0,22.941758304850744,,,1.0,22.104940282416923
38,4.000698590731408,0.09043222344558793,,,1.0,20.864929329512044,1.0,20.435320360586395,,,1.0,19.713827425549933
39,4.000823794487377,0.09035241483663933,,,1.0,24.274050694674713,1.0,23.670591436517245,,,1.0,24.202046195847995
40,4.000892352339331,0.09035452464746306,,,1.0,24.01975655093846,1.0,23.54187483664418,,,1.0,23.541450294862486
41,4.000511448187285,0.09036321482124647,,,1.0,22.72084575320333,1.0,21.665158222476826,,,1.0,20.213319900263002
42,4.000285666177122,0.09038145409631267,,,1.0,24.597303408964954,1.0,23.154244104687937,,,1.0,22.94663165538221
43,4.0009042350735395,0.09037826466850583,,,1.0,21.773997502128854,1.0,21.50399664863452,,,1.0,21.29492957123272
44,4.000824490114365,0.0904055175712039,,,1.0,22.72832992317476,1.0,21.87283537911118,,,1.0,21.016783300237975
45,4.000703292892047,0.09046871621480901,,,1.0,24.480160620582076,1.0,23.36646764522916,,,1.0,23.778362437560965
46,4.00087904831299,0.09049062582992948,,,1.0,21.68540990016187,1.0,20.211713409085952,,,1.0,19.07364229384322
47,4.000523448258534,0.09052860952540967,,,1.0,21.74881179049562,1.0,21.105305323127258,,,1.0,20.594323723178142
48,4.000828307894046,0.09052433946188305,,,1.0,24.53971646779168,1.0,23.45462426213878,,,1.0,23.126616771452735
49,4.000483745671491,0.09054660388941799,,,1.0,23.08721134202983,1.0,22.242984702991123,,,1.0,21.772719167446514
50,4.000453016857269,0.09055480387310598,,,1.0,23.023380139782617,1.0,22.929493612352942,,,1.0,22.609498428613584
51,4.000815279332963,0.09057935953040698,,,1.0,20.373090239025615,1.0,19.983949091410757,,,1.0,19.542624299170228
52,4.000332785741481,0.09060133793587365,,,1.0,21.861441123132703,1.0,21.306078806443736,1.0,21.053828783645127,1.0,20.89279685130018
53,4.0008669705784214,0.09062457919095711,,,1.0,21.704723074606996,1.0,20.342978167151745,1.0,19.791644886141263,1.0,18.850888056451453
54,4.000269910177629,0.09061615090350265,,,1.0,25.315254257548926,1.0,23.902458890381084,1.0,,1.0,23.11051129137251
55,4.000735020934737,0.09062287404723623,,,1.0,22.71335793819872,1.0,21.58375333404085,1.0,21.202762470766853,1.0,20.712636953036334
56,4.00091433339571,0.0906307844264166,,,1.0,24.50301464844816,1.0,22.934112772625774,1.0,22.599264204945296,1.0,22.083585804389344
57,4.000527518879068,0.09063928271406581,,,1.0,23.42285445637017,1.0,23.095693621719093,1.0,23.062344254027902,1.0,22.854116589392284
58,4.000607802642126,0.090641555382085,,,1.0,22.022086235684206,1.0,21.560395412184267,1.0,21.39031073514279,1.0,21.04846459990884
59,4.000892679425682,0.09065760359002692,,,1.0,25.408255041117066,1.0,23.456218329294686,1.0,22.91185384342148,1.0,22.945512736071244
60,4.000494504578503,0.09066341856884613,,,1.0,22.461301464318066,1.0,22.255873774545133,1.0,22.131236535107327,1.0,21.809277721703914
61,4.000957063341097,0.09081762846067179,,,1.0,15.747868401818563,,,1.0,14.546283652577635,1.0,14.171841522927352
62,4.000427757337146,0.09069951680393153,,,1.0,23.653147545402263,1.0,22.877658193773232,1.0,22.927149183507815,1.0,22.810802680913763
63,4.000703527055599,0.09070940436262749,,,1.0,24.1263988584701,1.0,23.560063808347593,1.0,23.114513353390972,1.0,22.220813577561167
64,4.00079881794661,0.09072011224928471,,,1.0,22.960744313543078,1.0,22.410675084828053,1.0,21.494423209130066,1.0,21.16403528869942
65,4.000351022750813,0.09074306717146148,,,1.0,25.15948896241698,1.0,22.7530638764055,1.0,21.500895983667455,1.0,20.486978082828514
66,4.000798030696462,0.09077194101417832,,,1.0,23.94774806895887,1.0,23.610809501618416,1.0,23.44646661372215,1.0,23.00781258019726
67,4.000535907686105,0.09079697741158706,,,1.0,22.644085571537165,1.0,22.58301053608093,1.0,22.323466877850752,1.0,22.325075904549607
68,4.000504151680463,0.09083465705287608,,,1.0,22.572296416319688,1.0,22.012965779907123,1.0,21.40387286267222,1.0,21.383575660315998
69,4.000692911152729,0.09085186568846423,,,1.0,19.580581798790803,1.0,19.102807531456406,1.0,18.58693682145613,1.0,18.40654869326599
70,4.000292702446437,0.09085336422406287,,,1.0,23.634137914643944,1.0,23.439154504289267,1.0,22.71816214474207,1.0,22.849703795696588
71,4.000678098603316,0.09089819261622732,,,1.0,23.526195222339034,1.0,22.90592513335472,1.0,22.53514507521151,1.0,22.41470481462759
72,4.000780047358479,0.09094168131577936,,,1.0,22.2774288619772,1.0,22.45576226023925,1.0,21.462661629074404,1.0,21.25077869821434
73,4.000326568730365,0.09096661131320753,,,1.0,21.18034103442037,1.0,21.047366041464596,1.0,20.968794769393387,1.0,20.622407190024255
74,4.000607281328697,0.09098028659447747,,,1.0,19.402512420520594,1.0,18.72740937518524,1.0,18.343742797293952,1.0,18.05447318660462
75,4.000933187354106,0.09100237097199114,,,1.0,23.05834191919884,1.0,21.812732211212325,1.0,20.505988155283926,1.0,19.844706898988424
76,4.000239121120643,0.09104890479591383,,,1.0,23.764972417479274,1.0,22.924636041859724,1.0,22.35859546752053,1.0,22.308986176592036
77,4.000321059324051,0.09106016755254977,,,1.0,20.649389086465618,1.0,20.37895287879048,1.0,20.165451625182442,1.0,19.91380180738409
78,4.000231372037083,0.0911091814645809,,,1.0,24.314331143675453,1.0,24.40511085534552,1.0,22.65972469013695,1.0,22.40841783042308
79,4.000473508816379,0.09112697792879869,,,1.0,21.646999765761326,1.0,21.078916732088864,1.0,20.737225770940874,1.0,20.527576237227375
80,4.000692691660864,0.09114566824115056,,,1.0,24.26889962644403,1.0,23.359386220111396,1.0,22.26671013611561,1.0,21.786176521749674
81,4.000714464904728,0.09121120490233504,,,1.0,19.677131010077254,1.0,19.445588832323224,1.0,19.249386286532232,1.0,19.06296160198503
82,4.000224096804617,0.0912137014945698,,,1.0,21.462135839644798,1.0,20.88000964656377,1.0,20.464429764762713,1.0,20.418509359701154
83,4.000916416392835,0.09121687992810362,,,1.0,22.94924532662989,1.0,22.523425891050785,1.0,22.591205367635755,1.0,22.22631483529726
84,4.000865749362751,0.0912218975383281,,,1.0,25.319332047844476,1.0,23.391612547955525,1.0,22.84951553035002,1.0,22.531535428069397
85,4.0007533755966875,0.09129158645888112,,,1.0,20.81624773207985,1.0,20.431112896481245,1.0,20.07834386032448,1.0,19.972628892411187
86,4.000305510648822,0.09129819122302532,,,1.0,24.022331960260964,1.0,22.523184980469424,1.0,21.313373109219622,1.0,20.703604956428446
87,4.000657847268279,0.09132798254117826,,,1.0,23.902689742353704,1.0,23.109677268345223,1.0,22.973630886549884,1.0,22.455588196092414
88,4.000855067503104,0.09131217642260678,,,1.0,21.24536098494626,1.0,20.68011890615558,1.0,20.218693250945556,1.0,20.256468664716678
89,4.000689767899875,0.09131934069402768,,,1.0,24.782753497377197,1.0,23.41465946490772,1.0,22.314874178454037,1.0,21.886278877717626
90,4.00079870942609,0.09140883072252902,,,1.0,22.475324128113417,1.0,21.491697595592445,1.0,20.902976576224134,1.0,20.153581839453608
91,4.000236285176626,0.09139165929499675,,,1.0,23.192204492193152,1.0,22.570435324179527,1.0,21.743880517142856,1.0,21.579761495056896
92,4.000867865807442,0.09142171085703427,,,1.0,23.39018702843925,1.0,23.444834500305255,1.0,23.232285914701,1.0,22.76347322846995
93,4.000726422539797,0.09142836042563686,,,1.0,24.420369565921682,1.0,23.27372421434612,1.0,23.86592323100433,1.0,23.2302683090776
94,4.0006050515356435,0.09143808498409967,,,1.0,24.252762280566984,1.0,23.15400822525277,1.0,22.079385759752434,1.0,21.204881849220737
95,4.000653034211535,0.09144431131228634,,,1.0,24.67713415969066,1.0,23.472508031348607,1.0,22.331682044879834,1.0,21.86328960373705
96,4.000893748461172,0.09147740655219651,,,1.0,23.855860734543747,,,1.0,23.67995373759492,1.0,22.768596784648874
97,4.000431236176684,0.09149718005813388,,,1.0,23.501569545203708,1.0,22.310723360394885,1.0,21.215839664539345,1.0,20.64404270123955
98,4.000248345189723,0.091548037286188,,,1.0,23.787345153908184,1.0,23.112832476809384,1.0,24.968444190496516,1.0,22.739420916361087
99,4.00063920203071,0.0915559861082566,,,1.0,22.388226376832122,1.0,22.11823627387333,1.0,21.623386244427245,1.0,20.9716274079174
100,4.000887444636609,0.09157076174486009,,,1.0,23.11085993790251,1.0,22.160477075377205,1.0,21.62409911367801,1.0,21.24477609832371
101,4.000751564344602,0.0916117798662873,,,1.0,20.648498938798305,1.0,20.234873038457867,1.0,20.022668451454933,1.0,19.742359086512003
102,4.000800293634135,0.09160582155731205,,,1.0,20.93141950973248,1.0,20.003648808431656,1.0,19.905396436441507,1.0,19.410225416011887
103,4.00086722315447,0.09160896500693934,,,1.0,20.912335534780368,1.0,20.00906286488826,1.0,19.648408304946933,1.0,19.21374559005
104,4.000443393197079,0.09160930161922717,,,1.0,22.832485469708285,1.0,21.510204413744297,1.0,20.926406417821916,1.0,20.115446554209978
105,4.0002379141137006,0.09161112072922831,,,1.0,23.619548937717006,1.0,23.01292777180332,1.0,22.858753557480416,1.0,22.66858112864147
106,4.000587588844786,0.09164236996651012,,,1.0,20.31141153426222,1.0,20.124254631662502,1.0,19.92492500862919,1.0,19.806947314706818
107,4.000894755229787,0.09174067579565588,,,1.0,21.084040072828895,,,1.0,18.534842634071577,1.0,17.964957263389557
108,4.000828499890073,0.0917223551407219,,,1.0,21.96362650478564,1.0,21.42057306687887,1.0,21.149038459856747,1.0,20.989506269444583
109,4.00045035109291,0.0917774623854016,1.0,22.957046677300195,1.0,21.001046199024263,1.0,20.063979571340532,1.0,19.718850575673706,1.0,19.402000178391138
110,4.000588097175204,0.09184274329529284,1.0,23.73562729324312,1.0,22.852214656294553,1.0,22.13417893558401,1.0,22.004608889860727,1.0,21.73442085339
111,4.000896801609558,0.09184641815853416,,,,,,,,,,
112,4.000792755342033,0.091861868985435,1.0,24.88762474794113,1.0,23.918097536635813,1.0,23.07504076811746,1.0,22.566771514467874,1.0,22.04041410491932
113,4.0003127434941455,0.09188794230214677,1.0,22.675417238291836,1.0,22.1903949548787,1.0,21.846678071306506,1.0,21.496832113273886,1.0,21.662633939780406
114,4.000816767700407,0.09194930218783845,1.0,22.461510884058345,1.0,22.845983139087345,1.0,22.163558544144003,1.0,22.037326680201,1.0,21.75512739992342
115,4.0006878794715455,0.09195638053302689,1.0,23.538194460739064,1.0,23.529170618023045,1.0,23.160786470166013,1.0,21.738116839208278,1.0,20.973635785034823
116,4.000210617571222,0.0921531819181869,,,,,,,,,,
117,4.000742638052276,0.09208655952459917,1.0,22.742510735348542,1.0,20.280769592119956,1.0,19.316120946928834,1.0,18.88682769637469,1.0,18.539017315892266
118,4.000838235619882,0.09208149899223211,1.0,23.551593512639414,1.0,22.665303807018642,1.0,21.805113087847783,1.0,21.616140009736256,1.0,21.265608016224068
119,4.0007870211048395,0.09209200558126147,1.0,inf,1.0,24.24775683671449,1.0,22.111737928526814,1.0,21.795698576747164,1.0,21.316301734188826
120,4.000538958082165,0.09223848736584447,1.0,21.67638215984368,1.0,21.10441676577856,1.0,20.413700795621125,1.0,20.080644911657238,1.0,19.785682978397052
121,4.0004425137437405,0.09229603011507434,1.0,23.86711407865965,1.0,23.08347034853837,1.0,22.336471070760897,1.0,21.6143105682865,1.0,21.822185008110164
122,4.001542349377612,0.09059827416313443,,,1.0,23.151744986221935,,,1.0,22.426151088014606,1.0,21.897806603650825
123,4.001594886080225,0.09062142853271746,,,1.0,,,,1.0,23.606875538821956,1.0,25.59525295187692
124,4.001488811840838,0.09063681523541267,,,1.0,24.15227289087938,,,1.0,22.71970643655351,1.0,22.685998331951144
125,4.0014914398840595,0.09070861914792562,,,,23.724937107416228,,,,24.792071519140897,,22.218646973155003
126,4.001382897926071,0.0907741076401735,,,1.0,23.519175823424654,,,1.0,22.474496382850585,1.0,22.787449843273
127,4.001506989898151,0.09078498512243387,,,1.0,23.497107119311835,,,1.0,22.861078231550657,1.0,23.347234520224866
128,4.001141482271601,0.09081805444690835,,,1.0,20.25650429101516,,,1.0,19.467521370887365,1.0,19.022115708280914
129,4.001687088693934,0.09087084036421741,,,1.0,22.279006798559116,,,1.0,21.159993567123912,1.0,20.85825471320654
130,4.001108787689855,0.09086184296947578,,,1.0,23.591587711239765,,,1.0,22.396696512657257,1.0,22.34455938981389
131,4.001530308024711,0.09091281400970316,,,1.0,23.57400219262003,,,1.0,21.740241194892874,1.0,20.67279332522865
132,4.001360574885021,0.09092857542037261,,,1.0,23.079174172722013,,,1.0,21.31924636791814,1.0,20.93024193950002
133,4.001806795071516,0.09094235687656871,,,,,,,,,,
134,4.000225414734512,0.09093593871311269,,,,,,,,23.318238611013136,,27.90077860111076
135,4.00157138298013,0.09093264475614372,,,1.0,24.99576888888398,,,1.0,22.709829372627418,1.0,22.37635649409379
136,4.001386833240071,0.09098771110879154,,,1.0,22.292554600542836,,,1.0,20.05299218896552,1.0,19.555684651407052
137,4.001345206307565,0.09099076037865443,,,1.0,23.321899171468104,,,1.0,22.71764779003787,1.0,22.090752005020704
138,4.0014862201208565,0.0910061467634253,,,1.0,22.754143245822426,,,1.0,21.96152512908008,1.0,21.443648335540964
139,4.001054397751609,0.09102646251834517,,,1.0,24.378562364742685,,,1.0,21.651626278557238,1.0,20.87554664528598
140,4.000862741346538,0.09106141460412553,,,1.0,24.080389192419297,1.0,23.90761999698201,1.0,22.138224930604544,1.0,21.15336592589752
141,4.000257601396704,0.09107265036306711,,,1.0,24.709748242389196,1.0,26.85217894750099,1.0,22.948293519298346,1.0,23.683227752867488
142,4.001807193587965,0.0910889234285884,,,,,,,,,,
143,4.001800353079053,0.09111521538397217,,,,,,,,,,
144,4.001187554110118,0.0911112489677369,,,1.0,23.60542368681498,,,1.0,21.265091810245913,1.0,20.99002921072791
145,4.001643083137196,0.09112737795948891,,,1.0,23.960190038313147,,,1.0,22.557453393384694,1.0,22.467037467470263
146,4.001621527523257,0.09115059667552271,,,1.0,23.678620965941107,,,1.0,21.935524157211578,1.0,21.801930327347428
147,4.001326116075775,0.09116422315127619,,,1.0,24.127410747202447,,,1.0,22.44291156019583,1.0,21.673148349289836
148,4.001482587067787,0.09118694992104316,,,1.0,23.182218100937213,,,1.0,22.29077369727046,1.0,21.851336607780315
149,4.000843062556694,0.09118758012089524,,,1.0,23.410031915470668,1.0,23.71202772743431,1.0,22.626661687651414,1.0,23.07745311310347
150,4.001808281552233,0.09120448803945096,,,,,,,,,,
151,4.001102045904644,0.09122757296999927,,,1.0,23.082674439706675,,,1.0,22.441615662292858,1.0,22.642073378570377
152,4.001473383978082,0.09126509360324732,,,1.0,19.41016214040246,,,1.0,19.488291816825033,1.0,19.373539299988927
153,4.000970994081245,0.09123832616496093,,,1.0,24.843905022047828,,,1.0,23.08006799805662,1.0,22.55236225848675
154,4.001414395575139,0.09129382868649481,,,1.0,22.63608966246931,,,1.0,21.38032053119285,1.0,21.06445582190385
155,4.001178104809081,0.09130013422448979,,,1.0,22.81884466479079,,,1.0,21.65571107646374,1.0,21.413430387988733
156,4.001079539954054,0.09130882806591895,,,1.0,23.959638927503107,,,1.0,22.831676442878397,1.0,22.471741922177685
157,4.001227053988469,0.09133135801612356,,,1.0,23.122711666099445,,,1.0,22.55085092051853,1.0,
158,4.001372779113279,0.09140088448182095,,,1.0,22.808903490255418,,,1.0,21.539957446898306,1.0,21.609402186273144
159,4.001811702317209,0.09143345250678389,,,,,,,,,,
160,4.000793380811368,0.09144686735992791,,,1.0,,1.0,25.51864144281968,1.0,23.20727756645338,1.0,31.50003789703093
161,4.001201648182629,0.09145821821119081,,,1.0,24.37569728456017,,,1.0,22.602597411783822,1.0,22.621154787613065
162,4.0012721900960075,0.09147080446145493,,,1.0,24.25450331512465,,,1.0,22.67112744731734,1.0,22.92549863918388
163,4.000981865364526,0.0915028439290839,,,1.0,22.991364886964433,,,1.0,22.326679274428116,1.0,22.46592960834512
164,4.001324842883591,0.09150554512338716,,,1.0,24.203042221414336,,,1.0,22.11023009061239,1.0,21.831189703392617
165,4.001000317105124,0.09153294547646125,,,1.0,23.58285741228448,,,1.0,21.770056821801095,1.0,21.160498061337258
166,4.001456787325416,0.0917361746340957,,,1.0,14.456911488721182,,,1.0,13.444479412835173,1.0,13.113078575557712
167,4.001186914985771,0.0916186880187747,,,1.0,23.147171499753707,,,1.0,22.57763138292669,1.0,22.225183053715966
168,4.000691157912744,0.09160552230569712,,,1.0,25.053579602589448,1.0,26.06694755729592,1.0,22.8858704181593,1.0,23.225577678917354
169,4.000324717211392,0.09162295579415926,,,1.0,24.91566996027982,1.0,23.371836944871834,1.0,22.889405418451076,1.0,22.172011769081546
170,4.001813215703542,0.09176269187887433,,,,,,,,,,
171,4.001076220294864,0.09176711645119928,,,1.0,23.25080712787222,,,1.0,22.324274862496658,1.0,22.18466916819159
172,4.001189878065693,0.09181053735978457,,,,23.440770706036396,,,,22.452297165216578,,21.85266341890953
173,4.001187487436936,0.09188319629691762,,,1.0,23.03415414367699,,,1.0,22.53406007749868,1.0,22.70196910955643
174,4.001288756300926,0.09194095611829486,,,,,,,,,,
175,4.001567704788178,0.09194853704580405,,,,20.093148531750586,,,,19.438479823383908,,19.198230400801876
176,4.001649597056119,0.09195097533760957,,,1.0,21.18307986043667,,,1.0,20.668362546856347,1.0,20.535235142148295
177,4.001192868597766,0.09198397186891312,,,1.0,23.537971003654935,,,1.0,22.520779182250195,1.0,23.08212270001266
178,4.0015584619741436,0.09197905818770731,,,1.0,23.83212926669661,,,1.0,22.422099464413495,1.0,
179,4.001048165914219,0.09201099415596811,,,1.0,22.861348273460255,,,1.0,21.262467380705523,1.0,20.899667819976948
180,4.001478358413756,0.0920303270294286,,,,22.740444837215378,,,,20.54492390858399,,20.87059061215056
181,4.001813355792704,0.09206078318359426,,,,,,,,,,
182,4.001363171152869,0.0920765784145468,,,1.0,22.48364683894878,,,1.0,21.48455994757768,1.0,21.633797202003585
183,4.0011263616634025,0.09211752636928315,,,1.0,21.968503789333656,,,1.0,21.22884645044529,1.0,21.05413791593172
184,4.001694550727162,0.09209852111983503,,,1.0,22.186962953898988,,,1.0,20.09736761404129,1.0,19.686171401479008
185,4.001325194687878,0.09216460075578818,,,1.0,17.17062529221814,,,1.0,16.156233611507904,1.0,16.10938580334464
186,4.001132758228375,0.09215593178560398,,,1.0,22.68783950697721,,,1.0,21.11091169400438,1.0,20.67614834796485
187,4.001810250844132,0.09217598760558571,,,,,,,,,,
188,4.000811144226694,0.09223484818006092,1.0,21.943176735071557,1.0,20.649165593071956,,,1.0,19.35272432627923,1.0,19.118620707312516
189,4.001265682715005,0.09223987400852375,,,1.0,24.547899332014588,,,1.0,22.756234313788937,1.0,22.012027793595333
190,4.00112633084865,0.09225658177307434,,,1.0,22.728573203502734,,,1.0,21.40937059908111,1.0,21.073026282438782
191,4.000611755178374,0.09226424923765188,,,1.0,24.160712718380317,1.0,23.827845880201714,1.0,22.195144177232564,1.0,21.780671402836834
192,4.0014216113162595,0.09227579246948676,,,1.0,25.581786010385766,,,1.0,21.66224482469762,1.0,21.187619832843644
193,4.000907289620113,0.09230569437793293,1.0,24.45228684883773,1.0,23.193484275392393,,,1.0,20.940396381540186,1.0,20.448572529819018
194,4.000366623493582,0.0923107078138567,1.0,23.696874925324668,1.0,23.92383199431812,1.0,23.627302608966765,1.0,22.349710550591478,1.0,23.066383156313947
195,4.001793312727083,0.09234403923614891,,,,,,,1.0,19.274499091488796,,
196,4.001670003992379,0.09235639540286869,,,1.0,22.863273969511006,,,1.0,22.290522976902132,1.0,23.021230039872997
197,4.0018107322329435,0.09239019497630237,,,,,,,,,,
198,4.00122966553584,0.09240685154474494,,,1.0,24.792775427679285,,,1.0,22.55055478100903,1.0,23.005757417108292
199,4.000712240561816,0.09241427807109856,1.0,,1.0,23.838399917658105,,,1.0,22.780337565645826,1.0,22.2875251687851
200,4.001799880154284,0.09243169647047139,,,,,,,,,,
201,4.001431162612517,0.09245003454468165,,,1.0,21.45676836640762,,,1.0,20.80216583465457,1.0,20.55214960077064
202,4.001234289366703,0.09245803681454783,,,1.0,23.75800222872936,,,1.0,22.118010858332266,1.0,21.585474170124527
203,4.001753229371705,0.09245611417377737,,,,,,,1.0,22.397217752816534,,
204,4.000571539133114,0.0925394608511686,1.0,21.504486973468474,1.0,20.13470537225963,,,1.0,18.826017789517607,1.0,18.726319976909238
205,4.000828444062722,0.09253891598505108,1.0,23.506731019113424,1.0,21.925293081735443,,,1.0,19.92957634417663,1.0,19.57805215775872
206,4.001261477525237,0.09255870524540172,,,1.0,21.123341404628142,,,1.0,20.39598963326304,1.0,20.309878363184005
207,4.001813946329193,0.09257545493894251,,,,,,,,,,
208,4.001196698616364,0.09258340090705823,,,1.0,21.063175817376543,,,1.0,20.54788663509328,1.0,20.5215685346174
209,4.001133601605821,0.09257230378921975,,,1.0,23.67517461791587,,,1.0,22.651020115113628,1.0,22.4025824073209
210,4.001154866245621,0.09259973739630382,,,1.0,21.806806990211616,,,1.0,21.28515897705978,1.0,20.991488401884286
211,4.001414696770513,0.09259768529942362,,,1.0,23.457570132960683,,,1.0,21.59772955404606,1.0,21.2465913553987
212,4.001654371956242,0.09261954049816709,,,1.0,21.56556139391455,,,1.0,19.73005398219018,1.0,19.366461497039133
213,4.001807562521563,0.09263618733850408,,,,,,,,,,
214,4.000366373835307,0.09264318079798736,1.0,,1.0,23.576886252044247,,,1.0,22.457562295713046,1.0,21.90607234081343
215,4.001589442835552,0.09264799033935005,,,1.0,23.53849917777638,,,1.0,22.58468058401524,1.0,22.30192012039012
216,4.000738597933216,0.092661076174217,1.0,23.68323513912564,1.0,23.127893223898283,,,1.0,22.847443132378707,1.0,22.618679173824987
217,4.000766577075049,0.09268732901880623,1.0,24.113525030727683,1.0,24.041294644967046,,,1.0,21.82104101242782,1.0,21.242746603904887
218,4.000806140796626,0.09269789510291196,1.0,23.778739959998816,1.0,23.78049391172344,,,1.0,22.485347408208302,1.0,21.966932630775695
219,4.001595186216081,0.09271220424118494,,,1.0,22.577288701843294,,,1.0,22.007166523548698,1.0,21.332722899075076
220,4.001801388535841,0.09269509017887533,,,,,,,,,,
221,4.001681870756583,0.09271698969908329,,,1.0,23.01157945389815,,,1.0,21.58338981759154,1.0,21.261789782894947
222,4.001299876336795,0.09273070593032483,,,1.0,25.159723853847066,,,1.0,22.393379933771953,1.0,21.65200893433065
223,4.001808937459125,0.09273100305075782,,,,,,,,,,
224,4.000408917385638,0.09275647740184967,1.0,22.93002943287984,1.0,22.602081788856584,,,1.0,21.377204736252246,1.0,21.176179974769205
225,4.001729324160144,0.09294021178928281,,,,,,,,,,
226,4.001078327857254,0.09276291779343922,,,1.0,22.055668816321838,,,1.0,21.169170161643812,1.0,21.05078252053608
227,4.001532302326007,0.0927880044569003,,,1.0,22.085808290078827,,,1.0,21.385676663218653,1.0,20.919879589895626
228,4.0018147483740165,0.09279664481302773,,,,,,,,,,
229,4.000916775632373,0.09282898660587811,1.0,23.755039189300664,1.0,23.39344563448082,,,1.0,22.078253555377046,1.0,21.74651478121548
230,4.001499101149452,0.09283927606622121,,,1.0,24.332523947294845,,,1.0,22.053072728457586,1.0,21.67109130653556
231,4.0018134566969294,0.09284946991585129,,,,,,,,,,
232,4.001003820263335,0.09286410760902943,,,1.0,21.981739998319547,,,1.0,20.62843481010209,1.0,20.320664073327755
233,4.000403207062149,0.0928775018226518,1.0,22.863150917893847,1.0,21.996028487990948,,,1.0,21.023903626155565,1.0,20.93661454215618
234,4.000852665281355,0.0928750711243311,1.0,23.278464164329872,1.0,21.802023200302536,,,1.0,21.298632735733595,1.0,21.094754955923914
235,4.00156143059699,0.09292971051583979,,,1.0,24.546588014263477,,,1.0,23.47000436607037,1.0,22.17198143668317
236,4.00180072362683,0.09294464219237845,,,,,,,,,,
237,4.001623624621654,0.09302448181508839,,,,,,,1.0,16.703660548285633,,
238,4.000490251343251,0.09306566784668566,1.0,22.806461387286316,1.0,21.997361942831205,,,,,1.0,20.88576606698549
239,4.00044394054726,0.0930825993614361,,,,,,,,,,
240,4.001066349918313,0.09310571700806775,,,,,,,,,,
241,4.001552819779167,0.09310460574669249,,,,,,,,,,
242,4.001271417343091,0.09311929967358523,,,,,,,,,,
243,4.00022840839374,0.09373987202016994,1.0,24.33254164648233,1.0,24.352952894885984,,,1.0,21.322031151505456,1.0,20.38533468150796
244,4.000431225958989,0.09374727318548436,1.0,25.107815910101596,1.0,23.969004831013017,,,1.0,23.375136417052982,1.0,23.01466247897689
245,4.0004390918346795,0.09385953440573452,1.0,23.51476745845368,1.0,25.18714308593983,,,1.0,22.41272753933922,,
246,4.000404911528184,0.09385406110265693,1.0,23.833395981856164,1.0,23.182124507538294,,,1.0,22.55459055777347,,
247,4.0002836656865135,0.0938559353504311,1.0,26.23572440708534,1.0,24.353111474383514,,,1.0,22.81014926536713,,
248,4.000542695678143,0.09388710303006867,,,,,,,,23.89865994168046,,
249,4.000533852576321,0.09393173531316996,,23.157363416714063,,25.98322287179429,,,,23.965116512163792,,
250,4.00022840933671,0.09394678697569148,1.0,22.943136637152364,1.0,20.608672994317367,,,1.0,18.97590000814066,,
251,4.0003387796792875,0.09396384371155672,1.0,24.415049683313974,1.0,22.641490808333863,,,1.0,21.359485308180982,,
252,4.000357800733665,0.0940312215011163,1.0,23.148620905559984,1.0,23.63017657733803,,,1.0,22.357463900486433,,
253,4.000348295094185,0.09406839122173605,1.0,23.411324097977367,1.0,22.35182829973574,,,1.0,20.961558317732468,,
254,4.000392119816203,0.09405953783785544,,,,,,,,,,
255,4.00035488894653,0.09411917383071043,1.0,24.439608907798323,1.0,23.062426467347468,,,1.0,22.352733979531124,,
256,4.000390318987477,0.09426394772497651,,,1.0,24.81680165226889,,,1.0,23.116263501325662,1.0,24.75429021321508
257,4.000343544360359,0.09432026988838438,,,1.0,22.207941152371923,,,1.0,20.007851876496915,1.0,19.794380599852875
258,4.000224037110426,0.09439516457343206,,,,24.99858155078611,,,,23.28589677250696,,21.84418541393025
259,4.000259911476729,0.09443486119291208,,,1.0,23.53871956424454,,,1.0,22.047458746758416,1.0,21.68089417194127
260,4.000236584394592,0.09445832531335784,,,1.0,23.78848791695748,,,1.0,21.636999158410628,1.0,20.961551332850465
261,4.000601124278063,0.08959959159591845,,,1.0,23.677623202862044,1.0,23.608688332545906,,,1.0,22.45236308953573
262,4.001074809968795,0.08961670694492285,,,,,,,,,,
263,4.000367740116651,0.08963580527888926,,,1.0,23.28042783103458,1.0,23.38027536212472,,,1.0,21.839668839270626
264,4.000779120132641,0.08970934835977079,,,1.0,23.337874636933925,1.0,23.458166194610858,,,1.0,22.316246820354255
265,4.000648443284614,0.0897727494242794,,,1.0,23.733338328955213,1.0,23.922481645566805,,,1.0,22.95122566623672
266,4.001025720437081,0.08977992397481391,,,1.0,23.982224220557413,,,,,1.0,21.456924800260705
267,4.001318835220802,0.08979139734906719,,,,,,,,,,21.958738465564224
268,4.001205762967386,0.08980312147351208,,,,,,,,,1.0,20.993952001248406
269,4.001279130560878,0.08982885030033082,,,,,,,,,1.0,21.152736306184483
270,4.000482301296787,0.08984900295034678,,,1.0,26.7944728714927,1.0,24.698286332719835,,,1.0,22.687635973462253
271,4.001274353856071,0.08985954788709698,,,,,,,,,1.0,19.286852203216842
272,4.000824393668799,0.08991942779305868,,,1.0,,1.0,25.22092028649812,,,1.0,21.7962795658608
273,4.001312918684734,0.08997111456340606,,,,,,,,,,22.225148801261287
274,4.000987347076446,0.09002185732273801,,,1.0,21.905643121290773,,,,,1.0,20.84061143710846
275,4.001336277998515,0.09004117405049838,,,,,,,,,1.0,21.733676787107935
276,4.000481302329769,0.0900618310026025,,,1.0,25.66735731912628,1.0,24.552737376688288,,,1.0,22.976967512965864
277,4.000720792628467,0.09006236389393515,,,1.0,24.438411037871237,1.0,23.944061458465814,,,1.0,23.165568050070135
278,4.001322268045488,0.09008167025554142,,,,,,,,,1.0,21.500986995684286
279,4.001354801839582,0.09009389206014579,,,,,,,,,,
280,4.000996756397676,0.09011191909366163,,,1.0,21.501255392318388,,,,,1.0,20.82860815667464
281,4.0008081858994125,0.09011757969638474,,,1.0,,1.0,,,,1.0,23.173049932552384
282,4.00113370897582,0.0901496259372065,,,1.0,22.292919948028505,,,,,1.0,20.111945144515936
283,4.001278361669938,0.09017177994862252,,,,,,,,,1.0,19.46557574039224
284,4.001009418477954,0.09016486613840073,,,1.0,,,,,,1.0,22.703209808045624
285,4.001350206884617,0.09019281249534282,,,,,,,,,1.0,20.93259139158835
286,4.000744957137334,0.09024264667741053,,,1.0,25.175126743473434,1.0,24.97624110331988,,,1.0,22.6800506206661
287,4.001153657216175,0.09027968657557911,,,1.0,22.888811583861628,,,,,1.0,21.9442593774737
288,4.001362830538579,0.09029177888911094,,,,,,,,,,
289,4.001062952008663,0.09030639145731992,,,1.0,21.85618365696039,,,,,1.0,20.598081028853127
290,4.001133433598225,0.09032221911757858,,,1.0,21.33319400621358,,,,,1.0,20.37347960512247
291,4.000643109662359,0.09033831443583352,,,1.0,24.933983912359857,1.0,24.347212738850995,,,1.0,22.851394401333135
292,4.001365821857931,0.09034322838833313,,,,,,,,,,
293,4.001365180161315,0.09037882809205566,,,,,,,,,,
294,4.001269296751792,0.09042942406923522,,,,,,,,,1.0,22.678342904835326
295,4.0009253115649,0.09045646279943866,,,1.0,23.777948211766603,1.0,23.48905937151691,,,1.0,22.22492796869814
296,4.00134947252468,0.09049199252538044,,,,,,,,,1.0,20.27156682825394
297,4.000379008254033,0.09051184036517985,,,1.0,24.820281796425267,1.0,24.247625910452328,,,1.0,22.967991914582374
298,4.001059160016047,0.09052640516415389,,,1.0,20.98321897568639,,,,,1.0,20.388286471332822
299,4.00117985127892,0.09054151356529085,,,1.0,22.98655859559881,,,,,1.0,22.328250333890225
300,4.001478685494491,0.0905488388228132,,,,,,,,,1.0,20.778171376770686
301,4.001207864176413,0.0905990002281761,,,1.0,23.323122596631496,,,1.0,22.83939199860759,1.0,22.25963410776171
302,4.001147195124934,0.09072680053284131,,,1.0,,,,1.0,22.87086139425711,1.0,22.726765504290842
303,4.0007102228387,0.09073830898996839,,,1.0,25.16178581022139,1.0,24.029952160305506,1.0,23.413115818748356,1.0,22.65567595619585
304,4.0007159775535195,0.09105897296631178,,,1.0,24.49430123950275,1.0,23.93093565440012,1.0,23.02185576029318,1.0,22.79402869980279
305,4.000604758363423,0.09106906018631164,,,1.0,24.664677296557933,1.0,25.081354148305955,1.0,23.76908169970672,1.0,22.69297355733874
306,4.000775804354788,0.09111621977160193,,,1.0,24.31041581363551,1.0,23.9979104955503,1.0,23.169787642639164,1.0,22.92971217211601
307,4.001255493828555,0.09117194260765912,,,1.0,25.749618312386843,,,1.0,22.932617862637812,1.0,22.64989159661937
308,4.000456212773889,0.09126591491995008,,,1.0,24.65955729121504,1.0,23.885497100242112,1.0,23.372158236203372,1.0,22.667997357572332
309,4.0014513612294955,0.09129663296846843,,,1.0,25.616048457450805,,,1.0,23.01383949402713,1.0,21.886298634798656
310,4.000312518352423,0.09139840178017136,,,1.0,25.091002290118038,1.0,24.338360337869887,1.0,23.80268905061787,1.0,22.80178691061259
311,4.001355989102302,0.0914177797670155,,,1.0,23.71749431164951,,,1.0,23.2221865844671,1.0,22.676905413819703
312,4.0008102100815055,0.0914386258533383,,,1.0,24.07936788484317,1.0,24.01979873529634,1.0,25.097745873018276,1.0,23.014643678626253
313,4.000507166022238,0.09144760171046087,,,1.0,24.585399672852787,1.0,24.718862003966088,1.0,23.447140457231992,1.0,22.8469645631465
314,4.000915800479126,0.09150751144851907,,,1.0,24.163138680762735,,,1.0,24.808760157942448,1.0,22.30792046750291
315,4.001294301269633,0.09151734112925956,,,1.0,24.17108689787616,,,1.0,23.164386911129146,1.0,22.489907965679194
316,4.000917103142209,0.09162546398275188,,,1.0,23.486525598969514,,,1.0,23.50023224298316,1.0,22.4109439886981
317,4.000709388747577,0.0917013007446893,,,1.0,26.86359240140586,1.0,24.28309008453479,1.0,23.444450014693736,1.0,23.07483123576916
318,4.000655969500183,0.09170341912864605,,,1.0,25.61912880863521,1.0,25.306687881911444,1.0,23.649314966148882,1.0,22.815867316473465
319,4.001162898652369,0.0917155387279296,,,1.0,23.897304786843137,,,1.0,22.739927886935885,1.0,23.14006906451378
320,4.000867381359306,0.09178964817702172,,,,25.749570212432225,,24.11597930844021,,26.116753347635033,,23.224321174686228
321,4.0017268060835764,0.09179208213396546,,,1.0,23.655599437043968,,,1.0,22.645728020176563,1.0,21.830736424042954
322,4.001656038621509,0.09181890104458833,,,1.0,21.45032919600903,,,1.0,20.14646862316357,1.0,19.486543993934667
323,4.000883642945688,0.0919896789058663,,,,,,,,,,
324,4.000510567287481,0.09206890583205803,1.0,22.660177210247543,1.0,23.423240967994627,1.0,23.922926204609432,1.0,23.429117331816073,1.0,22.861879540325948
325,4.000548309221816,0.09214898959993136,1.0,25.22165584673938,1.0,24.02614831465226,1.0,24.01615932130249,1.0,23.011760900071636,1.0,22.26988327666205
326,4.000557780119557,0.09231671150359341,1.0,25.664481771654923,1.0,24.668557921408315,1.0,25.087702000023615,1.0,23.989234000937,1.0,22.546155950405318
327,4.000533890090827,0.09239918685805165,1.0,23.620057655442977,1.0,23.624000603074926,,,1.0,23.275632158604726,1.0,22.825416795733776
328,4.00023070024973,0.09258155551548575,1.0,24.128518107459122,1.0,23.719234839113938,,,1.0,23.114877573055853,1.0,22.55664789843636
329,4.000770699000068,0.09263377533329219,1.0,23.57576769110455,1.0,23.879475203827557,,,1.0,23.108659172483538,1.0,22.482790637793517
330,4.000235231296317,0.092644628348793,1.0,24.969817784961023,1.0,26.255044560960556,,,1.0,23.093385615949558,1.0,22.468999393961692
331,4.000754578337451,0.09280015292060169,1.0,24.786300920602873,1.0,23.146180209721955,,,1.0,22.900830378245193,1.0,22.44689644687576
332,4.000410280679389,0.09284950694033894,1.0,25.890227837290073,1.0,23.97693698880682,,,1.0,24.050249150468936,1.0,22.59546448252253
333,4.000366340451658,0.09313374638727864,1.0,24.711644274131235,,,,,,,1.0,21.761016677039244
334,4.000395411898439,0.0931358290024393,1.0,25.41840749415915,,,,,,,1.0,22.452431300790696
335,4.000889086749644,0.093166594093809,1.0,24.028735447693727,,,,,,,1.0,22.435225175182385
336,4.0003336817090425,0.09317179991507854,1.0,23.355091967602206,,,,,,,1.0,22.28103298994851
337,4.000463368973831,0.09316776579530404,1.0,22.083925363881292,,,,,,,1.0,20.66261955121699
338,4.000804367885321,0.09321103633904985,1.0,28.231543849801174,,,,,,,1.0,22.718387815705306
339,4.00030745746907,0.09322172175725754,1.0,24.43384964994623,,,,,,,1.0,22.590397388740826
340,4.000800025575524,0.09323116307623111,1.0,,,,,,,,1.0,22.615472490767267
341,4.000898122202589,0.09324202796467722,1.0,23.27442635745479,,,,,,,1.0,22.469793939206394
342,4.00056091513872,0.09327655695777724,1.0,21.670743722894635,,,,,,,1.0,19.796352090580843
343,4.000334975371672,0.0932666625934173,1.0,22.062773169497664,,,,,,,1.0,21.049219629523503
344,4.0008536819702725,0.09329584833260493,1.0,23.929110045732564,,,,,,,1.0,21.708761523684245
345,4.000907604800787,0.09333009038317704,,,,,,,,,,
346,4.000233972016482,0.09335122858798028,1.0,24.030547881937512,,,,,,,1.0,21.760718090449824
347,4.000367386606176,0.09342076367150448,1.0,23.652122818511913,,,,,,,1.0,20.513921365152807
348,4.000784859536446,0.09342681287546928,1.0,23.12374830321593,,,,,,,1.0,19.70064662858073
349,4.000244431782277,0.09345710912672901,1.0,24.005152419771882,,,,,,,1.0,22.14761987199958
350,4.000288254705023,0.09352038590109397,1.0,25.258073142382248,,,,,,,1.0,21.627815196427687
351,4.0006330753384365,0.09354145191512105,1.0,25.980408167545704,,,,,,,1.0,21.81454047817433
352,4.000232091407789,0.09354243316514241,,,,,,,,,,22.135638581175602
353,4.000486322287356,0.09354214114785583,1.0,24.978558286361196,,,,,,,1.0,22.333432820584772
354,4.00037348666574,0.09359696343949125,1.0,21.15490029506553,,,,,,,1.0,18.65306429215917
355,4.000446655628364,0.09358010312862118,1.0,25.95501919863947,,,,,,,1.0,21.5358334509656
356,4.000726206801589,0.09358712903633784,,,,,,,,,,22.286894837422402
357,4.000857245262857,0.09365659802561807,1.0,23.84271163349915,,,,,,,1.0,21.482437842408583
358,4.000910344925945,0.09369069809815495,,,,,,,,,,
359,4.0006470733439965,0.09374967621794954,1.0,,1.0,22.96552869692805,,,,,1.0,21.861550368621494
360,4.000865322116948,0.09431892971322786,,,1.0,20.61281790493105,,,,,,
361,4.0002314209993735,0.0943628787385599,,,1.0,23.14486593812294,,,1.0,22.597732331487194,1.0,22.154563835034324
362,4.00080936282729,0.09439906174234317,,,1.0,23.530017679504024,,,,,1.0,21.520658420534037
363,4.000959089582758,0.09454504810167286,,,,,,,,,,
364,4.0009113685533535,0.09456937011714645,,,,,,,,,,
365,4.000570659086334,0.08959639678505252,,,1.0,23.61884043999187,1.0,23.630939416983836,,,1.0,23.226946044382956
366,4.000636079515759,0.08970807694128068,,,1.0,24.030163264640976,1.0,24.894826103199968,,,1.0,
367,4.000632191302966,0.08980212470665788,,,1.0,24.308476535562637,1.0,inf,,,1.0,
368,4.001243658213909,0.08990373174552703,,,,,,,,,,
369,4.0006640571974845,0.08988691192460778,,,1.0,24.41811213473187,1.0,25.926510573994562,,,1.0,
370,4.000382173841994,0.08995156079135137,,,1.0,23.875319318564667,1.0,24.541498501080795,,,1.0,23.161125341515323
371,4.001246622995641,0.09000459885279831,,,,,,,,,,
372,4.001014575856412,0.09006109916459623,,,1.0,23.06968692240901,,,,,1.0,22.619327296714463
373,4.000521523501251,0.09008126762176398,,,1.0,24.301217149816576,1.0,25.325496399616473,,,1.0,24.907996515458095
374,4.000507336640721,0.0901390546979937,,,1.0,24.234919866205406,1.0,26.812676493318584,,,1.0,23.38335242525277
375,4.001247001864,0.09018551589293995,,,,,,,,,,
376,4.000807200840715,0.09018712476832531,,,1.0,24.096307351783253,1.0,24.442891534355432,,,1.0,23.517491443324545
377,4.0012444522660084,0.09020196206093396,,,,,,,,,,
378,4.001245880890027,0.09025803668607246,,,,,,,,,,
379,4.001243396924519,0.09028608167184644,,,,,,,,,,
380,4.000528002279671,0.09033346992018094,,,1.0,24.22016269627474,1.0,24.04129906750847,,,1.0,23.96590417546616
381,4.001246182931594,0.09037146672629319,,,,,,,,,,
382,4.000751548238618,0.09043995949080105,,,1.0,23.81187496394769,1.0,25.358118886249727,,,1.0,24.34234681993837
383,4.001248359904513,0.09044750857504921,,,,,,,,,,
384,4.001246610552716,0.09053205348443855,,,,,,,,,,
385,4.001248322909852,0.09055931018577355,,,,,,,,,,
386,4.00095769395652,0.09058162247452185,,,1.0,21.175697516999847,,,,,1.0,21.049747584086607
387,4.00049890278264,0.09073281998797823,,,1.0,24.015814263125424,1.0,24.70440519811925,1.0,23.035940538667234,1.0,23.598178078172065
388,4.000782905859574,0.09084977752067215,,,1.0,23.74579236060978,1.0,24.645166631186235,1.0,23.00931631891207,1.0,23.489620462318467
389,4.001247486200693,0.09086087545290653,,,,23.163865462585033,,,,24.570694274067723,,
390,4.00075953549913,0.09089460249410815,,,1.0,23.745231331200905,1.0,inf,1.0,23.273845983619204,1.0,23.960045887288853
391,4.000362025844719,0.09096823084712174,,,1.0,24.038248778396316,1.0,24.48026959985331,1.0,23.681863647011504,1.0,23.28504987797384
392,4.000505552336295,0.09100346778736661,,,1.0,24.258415765266026,1.0,24.723007814808152,1.0,27.22229220238368,1.0,23.629872813213364
393,4.00095620937502,0.0910353904075701,,,1.0,22.03140810429837,,,1.0,22.17538509563671,1.0,24.100048310911987
394,4.001280265320402,0.0910679875079526,,,1.0,23.474307265916416,,,1.0,23.501557519093886,1.0,23.14525478627744
395,4.001749972234765,0.09115974346277668,,,,,,,,,,
396,4.000226389609534,0.09117883930541602,,,1.0,24.140296753102195,1.0,25.775881792621504,1.0,26.179984883710596,1.0,25.058677059774546
397,4.001746080719483,0.09119868133009046,,,,,,,,,,
398,4.0017474258142665,0.09122289364403474,,,,,,,,,,
399,4.000530251779233,0.0912414981275634,,,1.0,24.31466894949047,1.0,25.114244751391965,1.0,23.511257463470493,1.0,23.760677250850883
400,4.001268412976337,0.09127703188783927,,,1.0,23.494528233733007,,,1.0,23.75153380420106,1.0,25.28453488548235
401,4.0017505804543045,0.0912927763506709,,,,,,,,,,
402,4.000225618997698,0.09128924148833477,,,1.0,24.1205993743918,1.0,24.433633292960177,1.0,25.23963801684093,1.0,23.986251800158986
403,4.0014390269625375,0.091337555727627,,,1.0,23.25719528098819,,,1.0,23.292054901335007,1.0,22.432668196732468
404,4.00034395319734,0.09134597437589347,,,1.0,23.30236631729338,1.0,23.769600089956484,1.0,23.370562109724418,1.0,22.910548449839858
405,4.000923149960666,0.0913560612569225,,,1.0,23.878724651327122,1.0,23.222808996334997,1.0,23.023242895605406,1.0,23.41482664633521
406,4.0011504037556005,0.09137024427508471,,,1.0,23.553713786631,,,1.0,24.02324446493363,1.0,23.664277161826114
407,4.000576408095981,0.0914353389343437,,,1.0,24.11107837589215,1.0,23.97764638702442,1.0,23.865172844350262,1.0,23.73229819874478
408,4.00067564451728,0.0914817166870957,,,1.0,24.299351138385536,1.0,25.072466194700663,1.0,,1.0,24.360567719125264
409,4.0002265255145115,0.09154514452362543,,,1.0,23.858339451329723,1.0,24.246310856328126,1.0,23.265012586444207,1.0,24.136659015750944
410,4.0017502613182465,0.09157067958448878,,,,,,,,,,
411,4.001746388701372,0.09158679345224184,,,,,,,,,,
412,4.000305548863208,0.09162394621885502,,,1.0,23.851565186486564,1.0,24.735654893550677,1.0,23.81217322020829,1.0,22.934071512920102
413,4.001208860589562,0.09173146999666654,,,,21.442175306798617,,,,21.144734566139995,,20.67109437927028
414,4.00175062916363,0.09174477362362697,,,,,,,,,,
415,4.000648499073988,0.09180649508837756,1.0,24.99752003916673,1.0,23.76926952180635,1.0,24.265200162129013,1.0,25.62838333455193,1.0,23.4315857354421
416,4.001749023435277,0.09181171475367038,,,,,,,,,,
417,4.00171494501642,0.09181775198152262,,,1.0,23.186765511015118,,,1.0,22.406401613147896,1.0,22.263620762938793
418,4.001748017153406,0.09191240434695465,,,,,,,,,,
419,4.001748075942327,0.09193407106601076,,,,,,,,,,
420,4.001749452265997,0.09196975426580115,,,,,,,,,,
421,4.0017203274415145,0.09197505560811389,,,1.0,22.792192823524097,,,1.0,22.55347457330485,1.0,22.32042976815797
422,4.001749535267056,0.09200034260321503,,,,,,,,,,
423,4.001292179173197,0.09200653853079664,,,1.0,23.47959520573545,,,1.0,24.321520505590236,1.0,25.20130650536882
424,4.0015757241520795,0.09201855082231039,,,1.0,22.94860766084373,,,1.0,22.65442715926703,1.0,22.63796924830259
425,4.001248067034378,0.09203981284536303,,,,22.692134683488586,,,,inf,,inf
426,4.001248138320541,0.0920665780296709,,,,22.73523205425519,,,,,,24.394657614420353
427,4.000343563257758,0.09210061166823887,,22.544287485954655,,21.910178235820123,,22.59722212659763,,21.30257213431157,,21.17649697595364
428,4.001750878952722,0.09206611937162633,,,,,,,,,,
429,4.000348744002,0.09212481631155041,,21.726286123162772,,21.018895586947373,,21.45953159909834,,20.326646104651374,,20.265034614230338
430,4.001747446575166,0.09217368315281736,,,,,,,,,,
431,4.001013645682795,0.09221654395634465,,,1.0,23.773342095277265,,,1.0,23.23872863206949,1.0,22.551169753659618
432,4.001750185459575,0.09223995173910378,,,,,,,,,,
433,4.00175174388508,0.09227528122361323,,,,,,,,,,
434,4.001751870057857,0.09234305631427554,,,,,,,,,,
435,4.001747999895582,0.0923776063107308,,,,,,,,,,
436,4.001749397031123,0.09242093686822295,,,,,,,,,,
437,4.001372630248465,0.092580057142168,,,1.0,23.659823654578844,,,1.0,23.428382896395696,1.0,24.437627064252787
438,4.00062886291019,0.09296758531902526,1.0,24.723742618187934,1.0,23.87631412344339,,,1.0,23.942909260240608,1.0,24.179851626833447
439,4.001212699602076,0.09301163482987763,,,1.0,23.511433064870868,,,1.0,23.13901679233027,1.0,22.62947832218743
440,4.000307931811369,0.09308367230476397,,,,,,,,,,
441,4.000376640553212,0.09309837469805837,,,,,,,,,,
442,4.000643713378734,0.09366880380329323,,,,,,,,,,
443,4.001147726768903,0.093674427965608,,,,,,,,,,
444,4.0008306726083305,0.09370777034989272,1.0,23.96540820571198,1.0,22.555965942380674,,,,,,
445,4.000896862249419,0.09375708026338177,1.0,20.099364021112272,1.0,18.524009225616286,,,,,,
446,4.001044666633518,0.09388686067175105,,,1.0,18.415905478550457,,,,,,
447,4.000836975912527,0.09385041250802233,1.0,20.849621165015087,1.0,19.703568783368613,,,,,,
448,4.00114085365701,0.09403192656970268,,,1.0,23.088351265287205,,,,,,
449,4.000722618181987,0.09407850913239325,1.0,22.14495745571403,1.0,21.44887970918448,,,,,,
450,4.001228727839498,0.09409504074842816,,,1.0,22.702635191606767,,,,,,
451,4.00105751763711,0.09422148181118675,,,,,,,,,,
452,4.001232515754033,0.09428526170985328,,,1.0,22.57034054577483,,,,,,
453,4.001193051703756,0.0943401406908886,,,1.0,22.637264768439586,,,,,,
454,4.000932901400812,0.09445289623020278,,,1.0,22.233516208518125,,,,,,
455,4.001068022707164,0.09452713265577191,,,1.0,23.21923371734065,,,,,,
456,4.0011476772039725,0.09456292528711144,,,1.0,21.72550229243271,,,,,,
457,4.00084278594664,0.09363272996095903,,22.202431064007367,,,,,,,,24.927742700691958
458,4.000934665940687,0.094018703470357,,21.408318569260587,,24.96771973139638,,,,,,
459,4.000376613777375,0.0940022180752866,,22.15719654166727,,29.05475630031733,,,,,,
460,4.000979799116429,0.08972406219868671,,,1.0,21.550847943467094,,,,,1.0,20.142489298735793
461,4.000969502797689,0.089746136026431,,,1.0,23.35446114464372,,,,,1.0,21.949112715594623
462,4.000952987756656,0.08953144261983569,,,,,,,,,,
463,4.000952930645312,0.0897782450342324,,,,,,,,,,
464,4.0009517697436365,0.08967988093741762,,,,,,,,,,
465,4.000953773836429,0.08952046216060237,,,,,,,,,,
466,4.0009523970137035,0.08957560129420716,,,,,,,,,,
467,4.000953176498378,0.08959940986079626,,,,,,,,,,
468,4.000959384588024,0.08968484162043895,,,,,,,,,,
469,4.000955281075899,0.08969922060696862,,,,,,,,,,
470,4.000955036052639,0.08960618296618728,,,,,,,,,,
471,4.000955103181846,0.0896316727135005,,,,,,,,,,
472,4.000955076330123,0.08962147681300583,,,,,,,,,,
473,4.000959416974848,0.08965766853247119,,,,,,,,,,
474,4.000955207232794,0.08967118184763988,,,,,,,,,,
475,4.000769543393897,0.08965160047054337,,,1.0,22.732861417460015,1.0,21.102665368626567,,,1.0,19.705132166877487
476,4.000659580199358,0.08970175158102842,,,1.0,23.97838342989829,1.0,28.17503365321107,,,1.0,24.337055673347948
477,4.000574225113912,0.08968771471943886,,,1.0,25.83818657054961,1.0,24.316035344560692,,,1.0,22.991526780612496
478,4.000567609924253,0.08973956309005343,,,1.0,23.846403149514362,1.0,23.09501123027202,,,1.0,21.975624468279953
479,4.000599520614658,0.08973101447534076,,,1.0,24.444892997894605,1.0,24.517345583319262,,,1.0,24.360863464107602
480,4.000703320013566,0.08980864605696884,,,1.0,21.14567290377057,1.0,20.543339910232344,,,1.0,19.798625219140042
481,4.000722519320672,0.08982296691004567,,,1.0,22.64441323580959,1.0,21.891614754289588,,,1.0,20.91400584492298
482,4.000698492547227,0.08976370685651014,,,1.0,21.249501946908616,1.0,20.938771889740533,,,1.0,20.14144063891278
483,4.000715555612232,0.08983478063077185,,,1.0,22.96837327319832,1.0,22.10779518787438,,,1.0,21.1519083808368
484,4.000738865925763,0.08985776398806022,,,1.0,23.03945084178761,1.0,22.548310809226745,,,1.0,21.532966952562212
485,4.000862386415419,0.08978094268646826,,,1.0,22.838856181892588,1.0,22.37543542914087,,,1.0,22.05723945328564
486,4.000830912847012,0.0897759603364827,,,1.0,24.39435561519823,1.0,24.844770858252406,,,1.0,23.568847254793212
487,4.000520341120533,0.08983075998484268,,,1.0,21.313943714793695,1.0,20.892772586133503,,,1.0,19.92980324323282
488,4.0004996257381285,0.08979825717311357,,,1.0,23.963371346966515,1.0,23.513329168814955,,,1.0,22.398704368547058
489,4.000372182301568,0.08978249778020492,,,1.0,22.821012803013765,1.0,22.724942633273958,,,1.0,22.52822199087529
490,4.00030458256474,0.08978130131927585,,,1.0,24.30874450952095,1.0,23.32686690958356,,,1.0,23.02293713381742
491,4.0003112784315125,0.08979427279343305,,,1.0,23.758891322266734,1.0,23.644586118759584,,,1.0,23.206336031248735
492,4.000841828960571,0.08984922941042499,,,1.0,23.865049047607954,1.0,23.378006606081485,,,1.0,22.535649885306515
493,4.000813951589677,0.0898466489456696,,,1.0,24.288245382712752,1.0,23.10476094359482,,,1.0,22.453558792790393
494,4.000838327540157,0.0898707397656371,,,1.0,23.30043709377606,1.0,23.927956090395522,,,1.0,24.250987553818675
495,4.00096786103634,0.0898857462860517,,,1.0,22.807318182263362,,,,,1.0,21.69947290334685
496,4.000958153834614,0.08991695710325934,,,1.0,22.968502403742445,,,,,1.0,20.992104767234714
497,4.000952080348672,0.08996000209665439,,,,,,,,,,
498,4.00095429858278,0.0899779621067681,,,,,,,,,,
